Workbook
Name __xlnm._FilterDatabase: #N/A
Name __xlnm._FilterDatabase: #N/A
Name __xlnm._FilterDatabase: #N/A
Name __xlnm._FilterDatabase: #N/A
Name __xlnm._FilterDatabase: #N/A
Name __xlnm._FilterDatabase: #N/A
Name __xlnm._FilterDatabase: #N/A
Name __xlnm._FilterDatabase: #N/A
Name __xlnm._FilterDatabase: #N/A
Name __xlnm._FilterDatabase: #N/A
Name __xlnm._FilterDatabase: #N/A
Name __xlnm.Print_Area: 'XI-2 SEBLUM ADA MUTASI'!$A$1:$Z$59
Name __xlnm.Print_Area: 'XI-5 SEBLUM ADA MUTASI'!$A$1:$Z$66
Name __xlnm.Print_Area: 'XII-1'!$A$1:$Z$62
Name __xlnm.Print_Area: 'XII-1 (2)'!$A$1:$Z$62
Name __xlnm.Print_Area: 'XII-2'!$A$1:$Z$58
Name __xlnm.Print_Area: 'XII-3'!$A$1:$Z$61
Name __xlnm.Print_Area: 'XII-4'!$A$1:$Z$67
Name __xlnm.Print_Area: 'XII-5'!$A$1:$Z$63
Name __xlnm.Print_Area: 'XII-6'!$A$1:$Z$61
Name __xlnm.Print_Area: 'XII-7'!$A$1:$Z$64
Name __xlnm.Print_Area: 'XII-8'!$A$1:$Z$54

Sheet Sheet2
A2: 1 | B2: ='XII-1'!A55 -> 32
A3: 2 | B3: ='XII-2'!A52 -> 29
A4: 3 | B4: ='XII-3'!A55 -> 32
A5: 4 | B5: ='XII-4'!A58 -> 35
A6: 5 | B6: ='XII-5'!A55 -> 32
A7: 6 | B7: ='XII-6'!A53 -> 30
A8: 7 | B8: ='XII-7'!A56 -> 33
A9: 8 | B9: ='XII-8'!A46 -> 23
B11: =SUM(B2:B10) -> 246
B12: 270
B14: =SUM(B11:B12) -> 516

Sheet XII-1 (2)
A14: DAFTAR HADIR
A15: TAHUN PELAJARAN 2025/ 2026
M17: Kelas | Q17: : XII - 1
A18: KEGIATAN : ................................................................... | M18: Wali Kelas | Q18: : NURHAJATI, S. Pd.
A20: No Urut | B20: No Induk | C20: Nama | D20: L/P | E20: NILAI | U20: KETERANGAN
E23: 1 | F23: 2 | G23: 3 | H23: 4 | I23: 5 | J23: 6 | K23: 7 | L23: 8 | M23: 9 | N23: 10 | O23: 11 | P23: 12 | Q23: 13 | R23: 14 | S23: 15 | T23: 16
A24: 1 | B24: 11665 | C24: ABRAR RASYIQ DAFI DANENDRA | D24: L | E24: 1 | P24: 1 | T24: 1 | U24: XII-2
A25: 2 | B25: 11668 | C25: AGNES ELOFANIA SIDEBANG | D25: P | P25: 1 | T25: 1 | U25: XII-2
A26: 3 | B26: 11670 | C26: AGUSTINUS ARY DONNY LUMBAN GAOL | D26: L | P26: 1 | T26: 1 | U26: XII-2
A27: 4 | B27: 11671 | C27: AHMAD DAVINZA MEILANO | D27: L | P27: 1 | T27: 1 | U27: XII-2
A28: 5 | B28: 11679 | C28: AKBAR SANTOSO | D28: L | P28: 1 | T28: 1 | U28: XII-2
A29: 6 | B29: 11693 | C29: ARDHAN HAFIIZ AMANULLAH EFENDI | D29: L | P29: 1 | T29: 1 | U29: XII-2
A30: 7 | B30: 11696 | C30: ARGYA DANENDRA WIDYADHANA | D30: L | P30: 1 | T30: 1 | U30: XII-2
A31: 8 | B31: 11701 | C31: ARYA BIMA RAMADHANI | D31: L | P31: 1 | T31: 1 | U31: XII-3
A32: 9 | B32: 11710 | C32: BANYOE ARHANSYA | D32: L | P32: 1 | T32: 1 | U32: XII-3
A33: 10 | B33: 11711 | C33: BERNARDINUS CALVIN PUTRA SASKARA | D33: L | P33: 1 | T33: 1 | U33: XII-3
A34: 11 | B34: 11724 | C34: DAFFA AQILAH RAMADHAN PUTRA GIE | D34: L | P34: 1 | T34: 1 | U34: XII-3
A35: 12 | B35: 11732 | C35: DEVINTA REGENCY ROHMALIANA | D35: P | P35: 1 | T35: 1 | U35: XII-4
A36: 13 | B36: 11735 | C36: DIMAS RAKHA ATHAWIJAYA | D36: L | P36: 1 | T36: 1 | U36: XII-5
... A44: 21 | B44: 11839 | C44: NANGGOLO YUDHA PARAMA | D44: L | P44: 1 | T44: 1 | U44: XII-6
A45: 22 | B45: 11842 | C45: NAUFAL FAADHILAH AKMAL | D45: L | U45: XII-7
A46: 23 | B46: 11852 | C46: NOBERTUZ WIJAYA DEBATARAJA | D46: L | U46: XII-7
A47: 24 | B47: 11874 | C47: RAIHAN SINATHRYA WICAKSONO | D47: L | U47: XII-7
A48: 25 | B48: 11876 | C48: RAKA SUSILA VALENCIA | D48: L | U48: XII-8
A49: 26 | B49: 11881 | C49: RENGGA FAHRIZAL WIJIALIFANTO | D49: L | P49: 1 | T49: 1 | U49: XII-8
A50: 27 | B50: 11895 | C50: SATRIO NURKENCANA DWI ARDHIANTO | D50: L | U50: XII-8
A51: 28 | B51: 11896 | C51: SATYA WIRA MAHENDRA | D51: L | U51: XII-8
A52: 29 | B52: 11899 | C52: SHAHNU TANTRA AKBAR | D52: L | U52: XII-8
A53: 30 | B53: 11916 | C53: VALENCIA YOZA PIAGOLA | D53: P | U53: XII-8
A54: 31 | B54: 11926 | C54: YOHANES GERWYN EMANUEL PHUK | D54: L | U54: XII-8
A55: 32 | B55: 11929 | C55: ZACKY BRILLYAN VINUN SAPUTRA | D55: L | U55: XII-8
C56: JUMLAH SISWA LAKI-LAKI | D56: =COUNTIF(D24:D55,"L") -> 29
C57: JUMLAH SISWA PEREMPUAN | D57: =COUNTIF(D24:D55,"P") -> 3
C58: JUMLAH KESELURUHAN | D58: =SUM(D56:D57) -> 32
C59: JML

Sheet XII-1
A14: DAFTAR HADIR
A15: TAHUN PELAJARAN 2025/ 2026
M17: Kelas | Q17: : XII - 1
A18: KEGIATAN : ................................................................... | M18: Wali Kelas | Q18: : NURHAJATI, S. Pd.
A20: No Urut | B20: No Induk | C20: Nama | D20: L/P | E20: NILAI | U20: KETERANGAN
E23: 1 | F23: 2 | G23: 3 | H23: 4 | I23: 5 | J23: 6 | K23: 7 | L23: 8 | M23: 9 | N23: 10 | O23: 11 | P23: 12 | Q23: 13 | R23: 14 | S23: 15 | T23: 16
A24: 1 | B24: 11665 | C24: ABRAR RASYIQ DAFI DANENDRA | D24: L | E24: 1 | P24: 1 | T24: 1
A25: 2 | B25: 11668 | C25: AGNES ELOFANIA SIDEBANG | D25: P | P25: 1 | T25: 1
A26: 3 | B26: 11670 | C26: AGUSTINUS ARY DONNY LUMBAN GAOL | D26: L | P26: 1 | T26: 1
A27: 4 | B27: 11671 | C27: AHMAD DAVINZA MEILANO | D27: L | P27: 1 | T27: 1
A28: 5 | B28: 11679 | C28: AKBAR SANTOSO | D28: L | P28: 1 | T28: 1
A29: 6 | B29: 11693 | C29: ARDHAN HAFIIZ AMANULLAH EFENDI | D29: L | P29: 1 | T29: 1
A30: 7 | B30: 11696 | C30: ARGYA DANENDRA WIDYADHANA | D30: L | P30: 1 | T30: 1
A31: 8 | B31: 11701 | C31: ARYA BIMA RAMADHANI | D31: L | P31: 1 | T31: 1
A32: 9 | B32: 11710 | C32: BANYOE ARHANSYA | D32: L | P32: 1 | T32: 1
A33: 10 | B33: 11711 | C33: BERNARDINUS CALVIN PUTRA SASKARA | D33: L | P33: 1 | T33: 1
A34: 11 | B34: 11724 | C34: DAFFA AQILAH RAMADHAN PUTRA GIE | D34: L | P34: 1 | T34: 1
A35: 12 | B35: 11732 | C35: DEVINTA REGENCY ROHMALIANA | D35: P | P35: 1 | T35: 1
A36: 13 | B36: 11735 | C36: DIMAS RAKHA ATHAWIJAYA | D36: L | P36: 1 | T36: 1
... A44: 21 | B44: 11839 | C44: NANGGOLO YUDHA PARAMA | D44: L | P44: 1 | T44: 1
A45: 22 | B45: 11842 | C45: NAUFAL FAADHILAH AKMAL | D45: L
A46: 23 | B46: 11852 | C46: NOBERTUZ WIJAYA DEBATARAJA | D46: L
A47: 24 | B47: 11874 | C47: RAIHAN SINATHRYA WICAKSONO | D47: L
A48: 25 | B48: 11876 | C48: RAKA SUSILA VALENCIA | D48: L
A49: 26 | B49: 11881 | C49: RENGGA FAHRIZAL WIJIALIFANTO | D49: L | P49: 1 | T49: 1
A50: 27 | B50: 11895 | C50: SATRIO NURKENCANA DWI ARDHIANTO | D50: L
A51: 28 | B51: 11896 | C51: SATYA WIRA MAHENDRA | D51: L
A52: 29 | B52: 11899 | C52: SHAHNU TANTRA AKBAR | D52: L
A53: 30 | B53: 11916 | C53: VALENCIA YOZA PIAGOLA | D53: P
A54: 31 | B54: 11926 | C54: YOHANES GERWYN EMANUEL PHUK | D54: L
A55: 32 | B55: 11929 | C55: ZACKY BRILLYAN VINUN SAPUTRA | D55: L
C56: JUMLAH SISWA LAKI-LAKI | D56: =COUNTIF(D24:D55,"L") -> 29
C57: JUMLAH SISWA PEREMPUAN | D57: =COUNTIF(D24:D55,"P") -> 3
C58: JUMLAH KESELURUHAN | D58: =SUM(D56:D57) -> 32
C59: JML

Sheet XII-2
A14: DAFTAR HADIR
A15: TAHUN PELAJARAN 2025/ 2026
M17: Kelas | Q17: : XII - 2
A18: KEGIATAN : .................................................................. | M18: Wali Kelas | Q18: : SRI HIDAYATI R., S. Pd.
A20: No Urut | B20: No Induk | C20: Nama | D20: L/P | E20: NILAI | U20: KETERANGAN
E23: 1 | F23: 2 | G23: 3 | H23: 4 | I23: 5 | J23: 6 | K23: 7 | L23: 8 | M23: 9 | N23: 10 | O23: 11 | P23: 12 | Q23: 13 | R23: 14 | S23: 15 | T23: 16
A24: 1 | B24: 11677 | C24: AHMAD TIRTA ADITAMA | D24: L | E24: 1 | P24: 1 | T24: 1 | U24: 1
A25: 2 | B25: 11678 | C25: AHMAD ZAIDAN DZAKWAN NUR AQLI | D25: L | P25: 1 | T25: 1 | U25: 1
A26: 3 | B26: 11685 | C26: ANANDA YUNIOR | D26: L | P26: 1 | T26: 1 | U26: 1
A27: 4 | B27: 11688 | C27: ANINDYA KEYLA PUTRI ZAINDINA | D27: P | P27: 1 | T27: 1 | U27: 1
A28: 5 | B28: 11691 | C28: ANNISA RAMADHANI | D28: P | P28: 1 | T28: 1 | U28: 1
A29: 6 | B29: 11698 | C29: ARINI HIMMATUL ALIYAH | D29: P | P29: 1 | T29: 1 | U29: 1
A30: 7 | B30: 11716 | C30: CATHERINE ROSA VIRGINIA WIBOWO | D30: P
A31: 8 | B31: 11736 | C31: DINDA MEIZA AYU SYAHPUTRI | D31: P
A32: 9 | B32: 11739 | C32: DONNA OLIVIA NINGSIH | D32: P
A33: 10 | B33: 11742 | C33: EMA WIJAYANTI | D33: P
A34: 11 | B34: 11760 | C34: FITRIA DWI ROMADHONA | D34: P
A35: 12 | B35: 11768 | C35: HANIFAH ZAKIA INDRIANI | D35: p
A36: 13 | B36: 11772 | C36: IKHSAN BAGUS SAMUDRA | D36: L
A37: 14 | B37: 11778 | C37: JIBRIL RAHMATTULLOH WIDODO PUTRA | D37: L
A38: 15 | B38: 11781 | C38: JOSEAN THEODOMIRO SETIAWAN | D38: L
A39: 16 | B39: 11787 | C39: KHALISA KAMILA HIMAWAN | D39: P
A40: 17 | B40: 11796 | C40: LUKMAN HAKIM | D40: L | P40: 1 | T40: 1 | U40: 1
A41: 18 | B41: 11806 | C41: MINGGAR MAHENDRA SUPRIADI | D41: L | P41: 1 | T41: 1 | U41: 1
A42: 19 | B42: 11825 | C42: MUHAMMAD RIFFAT HAMIZ TRIACHMAWANSYAH | D42: L | P42: 1 | T42: 1 | U42: 1
A43: 20 | B43: 11838 | C43: NANDA DANIYAL ANWAR | D43: L | P43: 1 | T43: 1 | U43: 1
A44: 21 | B44: 11853 | C44: NOVA AL ZAHRA | D44: P | P44: 1 | T44: 1 | U44: 1
A45: 22 | B45: 11855 | C45: NURAZHARI RIZQIAH ANTHON | D45: P | P45: 1 | T45: 1 | U45: 1
A46: 23 | B46: 11862 | C46: PUSPA PALASARAH BR ARITONANG | D46: P | P46: 1 | T46: 1 | U46: 1
A47: 24 | B47: 11863 | C47: QUEEN TAHTA AMARA FUQIHA | D47: P | P47: 1 | T47: 1 | U47: 1
A48: 25 | B48: 11867 | C48: RAFFA ALFAREZA SETIYONO | D48: L
A49: 26 | B49: 11898 | C49: SEKAR MONADHITA ANIS LESTARI | D49: P | P49: 1 | T49: 1 | U49: 1
A50: 27 | B50: 11907 | C50: TALITHA ULIMA ZUHURA KALSTUM | D50: P | U50: 1
A51: 28 | B51: 11918 | C51: VENEZIA JOSEFINE ANTONIUS | D51: P
A52: 29 | B52: 11931 | C52: ZAKI JULIAN PUTRA | D52: L
C53: JUMLAH SISWA LAKI-LAKI | D53: =COUNTIF(D24:D52,"L") -> 12
C54: JUMLAH SISWA PEREMPUAN | D54: =COUNTIF(D24:D52,"P") -> 17
C55: JUMLAH KESELURUHAN | D55: =SUM(D53:D54) -> 29
C56: JML

Sheet XII-3
A14: DAFTAR HADIR
A15: TAHUN PELAJARAN 2025/ 2026
M17: Kelas | Q17: : XII - 3
A18: KEGIATAN : ............................................................ | M18: Wali Kelas | Q18: : Dra. TUTIK ISNAWATI, M. Pd.
A20: No Urut | B20: No Induk | C20: Nama | D20: L/P | E20: NILAI | U20: KETERANGAN
E23: 1 | F23: 2 | G23: 3 | H23: 4 | I23: 5 | J23: 6 | K23: 7 | L23: 8 | M23: 9 | N23: 10 | O23: 11 | P23: 12 | Q23: 13 | R23: 14 | S23: 15 | T23: 16
A24: 1 | B24: 11681 | C24: ALIFIAN DIMAS RISQY EL SHIRAZY | D24: L | E24: 1 | P24: 1 | T24: 1 | U24: 1
A25: 2 | B25: 11689 | C25: ANISA RATNADIYANTI SYAHBANIE | D25: P | P25: 1 | T25: 1 | U25: 1
A26: 3 | B26: 11692 | C26: ANNISA SALSABIL AMELIA | D26: P | P26: 1 | T26: 1 | U26: 1
A27: 4 | B27: 11703 | C27: AULIA AHNAF HAZAZI | D27: L | P27: 1 | T27: 1 | U27: 1
A28: 5 | B28: 11705 | C28: AVRILIA KARIZMA PUTRI | D28: P | P28: 1 | T28: 1 | U28: 1
A29: 6 | B29: 11709 | C29: BADRINA QURRATU AINI | D29: P | P29: 1 | T29: 1 | U29: 1
A30: 7 | B30: 11718 | C30: CHINTYA ZAHRA ELIEFADI | D30: P | P30: 1 | T30: 1 | U30: 1
A31: 8 | B31: 11719 | C31: CINTA AURA RIZQY PRIAMBODO | D31: P | P31: 1 | T31: 1 | U31: 1
A32: 9 | B32: 11722 | C32: COKORDA ISTRI ANJANI PUTRI PEMAYUN | D32: P | P32: 1 | T32: 1 | U32: 1
A33: 10 | B33: 11727 | C33: DANISH AHMAD TETUKO | D33: L | P33: 1 | T33: 1 | U33: 1
A34: 11 | B34: 11743 | C34: ERSADE SYIHAM JOYUKA | D34: L | P34: 1 | T34: 1 | U34: 1
A35: 12 | B35: 11746 | C35: EVANS MUHAMMAD AL GHOZALI | D35: L | P35: 1 | T35: 1 | U35: 1
A36: 13 | B36: 11748 | C36: FAIRUZ ROBBI HARTONO | D36: L | P36: 1 | T36: 1 | U36: 1
... A43: 20 | B43: 11837 | C43: NAHDAH TALITHA JAYAWARDHANI | D43: P | P43: 1 | T43: 1 | U43: 1
A44: 21 | B44: 11850 | C44: NIKITA ZAHRA FAUZIAH HENDRO | D44: P
A45: 22 | B45: 11851 | C45: NIRBITHA ATMASHA PUTRI | D45: P
A46: 23 | B46: 11858 | C46: PENDAR MANASIKANA WAHDA | D46: P
A47: 24 | B47: 11859 | C47: PRAWIRA AGRA SASTRA ZENI SYAH SAFI'I | D47: L
A48: 25 | B48: 11865 | C48: RACHEL FITO NATALIA TOBING | D48: P
A49: 26 | B49: 11889 | C49: RIZQY MAYDINA CANTIKA | D49: P
A50: 27 | B50: 11893 | C50: SARAH ALYA ADAWIYAH | D50: P
A51: 28 | B51: 11902 | C51: SINTA MELYANA | D51: P
A52: 29 | B52: 11911 | C52: THOURIQ ABIYYU MUMTAZ | D52: L
A53: 30 | B53: 11914 | C53: TRI WIDYA HARUMMAWATI | D53: P
A54: 31 | B54: 11917 | C54: VANIA ARISTA EFFENDI | D54: P | P54: 1 | T54: 1
A55: 32 | B55: 11923 | C55: WIRA HIDAYAT | D55: L | U55: 1
C56: JUMLAH SISWA LAKI-LAKI | D56: =COUNTIF(D24:D55,"L") -> 10
C57: JUMLAH SISWA PEREMPUAN | D57: =COUNTIF(D24:D55,"P") -> 22
C58: JUMLAH KESELURUHAN | D58: =SUM(D56:D57) -> 32

Sheet XII-4
A14: DAFTAR HADIR
A15: TAHUN PELAJARAN 2025/ 2026
M17: Kelas | Q17: : XII - 4
A18: KEGIATAN : ........................................................... | M18: Wali Kelas | Q18: : ADI SISWANTO, S. Pd.
A20: No Urut | B20: No Induk | C20: Nama | D20: L/P | E20: NILAI | U20: KETERANGAN
E23: 1 | F23: 2 | G23: 3 | H23: 4 | I23: 5 | J23: 6 | K23: 7 | L23: 8 | M23: 9 | N23: 10 | O23: 11 | P23: 12 | Q23: 13 | R23: 14 | S23: 15 | T23: 16
A24: 1 | B24: 11933 | C24: AARON URIEL PRADIPTA | D24: L | E24: 1 | P24: 1 | T24: 1 | U24: 1
A25: 2 | B25: 11667 | C25: ADITYA FERYANGGA PAMUNGKAS | D25: L | P25: 1 | T25: 1 | U25: 1
A26: 3 | B26: 11669 | C26: AGNES LETTISYA BR TARIGAN | D26: P | P26: 1 | T26: 1 | U26: 1
A27: 4 | B27: 11675 | C27: AHMAD PUJI WIRATAMA | D27: L | P27: 1 | T27: 1 | U27: 1
A28: 5 | B28: 11676 | C28: AHMAD REIFAN NURHAFIZ | D28: L | P28: 1 | T28: 1 | U28: 1
A29: 6 | B29: 11686 | C29: ANDER RAMADHAN | D29: L | P29: 1 | T29: 1 | U29: 1
A30: 7 | B30: 11694 | C30: ARDHINO PUTRI PERTIWI | D30: P | P30: 1 | T30: 1 | U30: 1
A31: 8 | B31: 11695 | C31: ARFIL SYAHADAT | D31: L | P31: 1 | T31: 1 | U31: 1
A32: 9 | B32: 11717 | C32: CHELSON AFENNIO ROCHMADONI | D32: L | P32: 1 | T32: 1 | U32: 1
A33: 10 | B33: 11723 | C33: DAFA PRAWIRA VERIGUNA | D33: L | P33: 1 | T33: 1 | U33: 1
A34: 11 | B34: 11749 | C34: FAIS RAFSANJANI | D34: L | P34: 1 | T34: 1 | U34: 1
A35: 12 | B35: 11755 | C35: FASHBIR REEZA ALIANSYAH | D35: L | P35: 1 | T35: 1 | U35: 1
A36: 13 | B36: 11764 | C36: GIGIH BINTANG HARYO KUSUMO | D36: L | P36: 1 | T36: 1 | U36: 1
... A44: 21 | B44: 11817 | C44: MUHAMMAD JAUHARUL QOLBI NAWAN | D44: L | P44: 1 | T44: 1 | U44: 1
A45: 22 | B45: 11820 | C45: MUHAMMAD NAZRIEL ISLAMY PASHA | D45: L | U45: 1
A46: 23 | B46: 11829 | C46: MUHAMMAD YUNAN HELMI FIRDAUS | D46: L
A47: 24 | B47: 11830 | C47: MUHAMMAD ZAIDAN IMADUDDIN | D47: L
A48: 25 | B48: 11831 | C48: MUHAMMAD ZHIDANE ILHAM | D48: L
A49: 26 | B49: 11834 | C49: NADENDRA ARKA FAVIAN ANARTO | D49: L
A50: 27 | B50: 11843 | C50: NAUFAL MANDANA RAYYAN PRADIPTA | D50: L
A51: 28 | B51: 11849 | C51: NICHOLAUSE SEAN VALENTINO SITORUS | D51: L
A52: 29 | B52: 11857 | C52: ONCAIX OPKA ROHMARTTINO | D52: L | P52: 1 | T52: 1
A53: 30 | B53: 11900 | C53: SHATRYA JIYAAD ASSARIY PIGOME | D53: L
A54: 31 | B54: 11906 | C54: SUNAN ZAKARIA GUMILANG PRALALEN | D54: L
A55: 32 | B55: 11910 | C55: TEUKU RASYID PRASETYA PUTRA | D55: L
A56: 33 | B56: 11912 | C56: TIO ANDIKA GLENTIANO | D56: L
A57: 34 | B57: 11928 | C57: YUNIS SEYSA IRIANDITA PUTRI | D57: P
A58: 35 | B58: 11930 | C58: ZAHEER HAQQAN MUHAMMADI | D58: L | U58: 1
C59: JUMLAH SISWA LAKI-LAKI | D59: =COUNTIF(D24:D58,"L") -> 32
C60: JUMLAH SISWA PEREMPUAN | D60: =COUNTIF(D24:D58,"P") -> 3
C61: JUMLAH KESELURUHAN | D61: =SUM(D59:D60) -> 35
C62: JML

Sheet XII-5
A14: DAFTAR HADIR
A15: TAHUN PELAJARAN 2025/ 2026
L17: Kelas | P17: : XII - 5
A18: KEGIATAN : ................................................................ | L18: Wali Kelas | P18: : EVA NURDIA NUSI F., S. Si.
A20: No Urut | B20: No Induk | C20: Nama | D20: L/P | E20: NILAI | U20: KETERANGAN
E23: 1 | F23: 2 | G23: 3 | H23: 4 | I23: 5 | J23: 6 | K23: 7 | L23: 8 | M23: 9 | N23: 10 | O23: 11 | P23: 12 | Q23: 13 | R23: 14 | S23: 15 | T23: 16
A24: 1 | B24: 11666 | C24: ADAM NURON AWABIN | D24: L | E24: 1 | P24: 1 | T24: 1 | U24: 1
A25: 2 | B25: 11684 | C25: ANANDA BIMO HADI SAPUTRO | D25: L | P25: 1 | T25: 1 | U25: 1
A26: 3 | B26: 11714 | C26: BRIANSYAH TEGAR DWI PRASETYABUDI | D26: L | P26: 1 | T26: 1 | U26: 1
A27: 4 | B27: 11725 | C27: DAFFA ARGHANA WIBOWO | D27: L | P27: 1 | T27: 1 | U27: 1
A28: 5 | B28: 11731 | C28: DELLA IMANDATIKA SAPUTRI | D28: P | P28: 1 | T28: 1 | U28: 1
A29: 6 | B29: 11733 | C29: DIANA GALUH AMELIKA | D29: P | P29: 1 | T29: 1 | U29: 1
A30: 7 | B30: 11737 | C30: DINDA PUJI CAHAYA NINGRUM | D30: P | P30: 1 | T30: 1 | U30: 1
A31: 8 | B31: 11738 | C31: DIRGA AL SYA'BAN KHATULISTIWA ROESDI | D31: L | P31: 1 | T31: 1 | U31: 1
A32: 9 | B32: 11741 | C32: ELDANA RAISSA PUTRA PARAMADIKA | D32: L | P32: 1 | T32: 1 | U32: 1
A33: 10 | B33: 11744 | C33: EVAN MELLVINO | D33: L | P33: 1 | T33: 1 | U33: 1
A34: 11 | B34: 11747 | C34: FADHLI MAULA RAMADHAN | D34: L | P34: 1 | T34: 1 | U34: 1
A35: 12 | B35: 11752 | C35: FALLETEHAN REYNO FAHREL JAMIL | D35: L | P35: 1 | T35: 1 | U35: 1
A36: 13 | B36: 11753 | C36: FARID HARTANTO NUGROHO | D36: L | P36: 1 | T36: 1 | U36: 1
... A39: 16 | B39: 11779 | C39: JORDHY FERICO ALEXANDRO | D39: L | P39: 1 | T39: 1 | U39: 1
A40: 17 | B40: 11814 | C40: MUHAMMAD FAHRI | D40: L | U40: 1
A41: 18 | B41: 11811 | C41: MUHAMMAD BARIK MAYHILDA | D41: L | U41: 1
A42: 19 | B42: 11812 | C42: MUHAMMAD DZAKI AL AZZAM | D42: L
A43: 20 | B43: 11818 | C43: MUHAMMAD LUQMAN | D43: L
A44: 21 | B44: 11826 | C44: MUHAMMAD RISYAD HIZBULLAH | D44: L
A45: 22 | B45: 11828 | C45: MUHAMMAD VIKAR PRATAMA | D45: L
A46: 23 | B46: 11835 | C46: NAFARA ARLETTA RAYA | D46: P
A47: 24 | B47: 11844 | C47: NAUFAL NURY NOER | D47: L
A48: 25 | B48: 11854 | C48: NUR FADHILAH RAHMI | D48: P
A49: 26 | B49: 11861 | C49: PRYSKA ADRIANA LARASATI | D49: P
A50: 27 | B50: 11869 | C50: RAFI NUR ANDHIKA | D50: L
A51: 28 | B51: 11888 | C51: RIZKY ALFIAN BARIQ SYAH | D51: L
A52: 29 | B52: 11892 | C52: SANDY HAFIZH WICAKSANA | D52: L
A53: 30 | B53: 11897 | C53: SAYYID MUHAMMAD FADHEL ABBAS AL - HABSYI | D53: L
A54: 31 | B54: 11915 | C54: TRIYANI FRISKA ANJAR AMBARWATI | D54: P
A55: 32 | B55: 11922 | C55: WAHYU YUHA ISLAMI | D55: P | P55: 1 | T55: 1
C56: JUMLAH SISWA LAKI-LAKI | D56: =COUNTIF(D24:D55,"L") -> 23
C57: JUMLAH SISWA PEREMPUAN | D57: =COUNTIF(D24:D55,"P") -> 9
C58: JUMLAH KESELURUHAN | D58: =SUM(D56:D57) -> 32
C59: JML

Sheet XII-6
A14: DAFTAR HADIR
A15: TAHUN PELAJARAN 2025/ 2026
L17: Kelas | P17: : XII - 6
A18: KEGIATAN : ................................................................. | L18: Wali Kelas | P18: : Drs. SUTOPO, M. Pd.
A20: No Urut | B20: No Induk | C20: Nama | D20: L/P | E20: NILAI | U20: KETERANGAN
E23: 1 | F23: 2 | G23: 3 | H23: 4 | I23: 5 | J23: 6 | K23: 7 | L23: 8 | M23: 9 | N23: 10 | O23: 11 | P23: 12 | Q23: 13 | R23: 14 | S23: 15 | T23: 16
A24: 1 | B24: 11664 | C24: ABIDZAR FINDRA PRADANI | D24: L | E24: 1 | P24: 1 | T24: 1 | U24: 1
A25: 2 | B25: 11680 | C25: ALIF GILANG NOVANSYAH | D25: L | P25: 1 | T25: 1 | U25: 1
A26: 3 | B26: 11687 | C26: ANDINI KHAIRUNISA SUHARTAWAN | D26: P | P26: 1 | T26: 1 | U26: 1
A27: 4 | B27: 11697 | C27: ARIEL RAHMA DHANY | D27: L | P27: 1 | T27: 1 | U27: 1
A28: 5 | B28: 11699 | C28: ARKADIA AKBAR ASMORO | D28: L | P28: 1 | T28: 1 | U28: 1
A29: 6 | B29: 11715 | C29: CANTIKA ANGGUN WAHYU CAHYANI | D29: P | P29: 1 | T29: 1 | U29: 1
A30: 7 | B30: 11750 | C30: FAITH BERNICE NAAFI' WICAKSONO | D30: L | P30: 1 | T30: 1 | U30: 1
A31: 8 | B31: 11761 | C31: GAVIN ADYUTA MAHOGRA | D31: L | P31: 1 | T31: 1 | U31: 1
A32: 9 | B32: 11782 | C32: KAYLA KHIRANI SALSADHILA | D32: P | P32: 1 | T32: 1 | U32: 1
A33: 10 | B33: 11788 | C33: KHANZA NABILAH NUGRAHENI | D33: P | P33: 1 | T33: 1 | U33: 1
A34: 11 | B34: 11795 | C34: LISTYA ANANDITA AFFIANSYAH | D34: P | P34: 1 | T34: 1 | U34: 1
A35: 12 | B35: 11800 | C35: MAULANA ALFREDA HARMAWAN | D35: L | P35: 1 | T35: 1 | U35: 1
A36: 13 | B36: 11805 | C36: MIKA KAYZAR SYAHNINO | D36: L | P36: 1 | T36: 1 | U36: 1
... A41: 18 | B41: 11864 | C41: QUEENA AGALIA EVOLET SINAGA | D41: P | P41: 1 | T41: 1 | U41: 1
A42: 19 | B42: 11866 | C42: RADITYA DHARMA PUTRA | D42: L
A43: 20 | B43: 11871 | C43: RAFIF FAZA ER SANGGARA | D43: L
A44: 21 | B44: 11879 | C44: REISMITA AYU PRANIA PUTRI NUGRAHAENI | D44: P
A45: 22 | B45: 11886 | C45: RINGGA SAPUTRA | D45: L
A46: 23 | B46: 11890 | C46: RULIF ACALIS PRATAMA WAHYUDI | D46: L
A47: 24 | B47: 11894 | C47: SATRIA WAHYU ATTA ERLANGGA | D47: L
A48: 25 | B48: 11903 | C48: SONIA NANCY CARISSA | D48: P
A49: 26 | B49: 11904 | C49: STEVEN HAMONANGAN SINAMBELA | D49: L
A50: 27 | B50: 11905 | C50: SULTHON PASHA PRATAMA ADINATA RAIHAN | D50: L
A51: 28 | B51: 11913 | C51: TITO FAOMASI ALJULIAS HAREFA | D51: L
A52: 29 | B52: 11924 | C52: WISMA NUHGROHO ADINING SAPUTRA | D52: L
A53: 30 | B53: 11925 | C53: YASMINE KHABIRAIN | D53: P
C54: JUMLAH SISWA LAKI-LAKI | D54: =COUNTIF(D24:D53,"L") -> 18
C55: JUMLAH SISWA PEREMPUAN | D55: =COUNTIF(D24:D53,"P") -> 12
C56: JUMLAH KESELURUHAN | D56: =SUM(D54:D55) -> 30
C57: JML

Sheet XII-7
A14: DAFTAR HADIR
A15: TAHUN PELAJARAN 2025/ 2026
N17: Kelas | R17: : XII - 7
A18: KEGIATAN : ................................................................ | N18: Wali Kelas | R18: : DENOK M., S. Pd.
A20: No Urut | B20: No Induk | C20: Nama | D20: L/P | E20: NILAI | U20: KETERANGAN
E23: 1 | F23: 2 | G23: 3 | H23: 4 | I23: 5 | J23: 6 | K23: 7 | L23: 8 | M23: 9 | N23: 10 | O23: 11 | P23: 12 | Q23: 13 | R23: 14 | S23: 15 | T23: 16
A24: 1 | B24: 11673 | C24: AHMAD MAULANA YUSUF | D24: L | E24: 1 | P24: 1 | T24: 1 | U24: 1
A25: 2 | B25: 11674 | C25: AHMAD NABIIL ARYANTA MAHASURA | D25: L | P25: 1 | T25: 1 | U25: 1
A26: 3 | B26: 11690 | C26: ANNAISHA NASHWA GIOVANNI | D26: P | P26: 1 | T26: 1 | U26: 1
A27: 4 | B27: 11707 | C27: AZZAHRA FIRDAUS AUFKLARUNG | D27: P
A28: 5 | B28: 11713 | C28: BINTANG ZOEBEL AZALEA | D28: L
A29: 6 | B29: 11721 | C29: CLAUDYA CHINTYA ARMY MEGA PRATIWI | D29: P
A30: 7 | B30: 11728 | C30: DARRELL SAVERO AZKA PUTRA | D30: L | P30: 1 | T30: 1 | U30: 1
A31: 8 | B31: 11729 | C31: DAVIN RANGGA PRASTIA | D31: L | P31: 1 | T31: 1 | U31: 1
A32: 9 | B32: 11730 | C32: DECCA MAHESTA LORENZAKY | D32: L | P32: 1 | T32: 1 | U32: 1
A33: 10 | B33: 11734 | C33: DIKA CAHYO SAPUTRO | D33: L | P33: 1 | T33: 1 | U33: 1
A34: 11 | B34: 11740 | C34: DWI BAYU SAMUDRA | D34: L | P34: 1 | T34: 1 | U34: 1
A35: 12 | B35: 11757 | C35: FATTAN DZULFAQOR WIJAYA | D35: L | P35: 1 | T35: 1 | U35: 1
A36: 13 | B36: 11759 | C36: FIRMAN ABA PRAMBUDI OSMAN | D36: L | P36: 1 | T36: 1 | U36: 1
A37: 14 | B37: 11763 | C37: GAYUH WALIMA SABDA PAMBAJENG | D37: L | P37: 1 | T37: 1 | U37: 1
A38: 15 | B38: 11770 | C38: I PUTU KRIYA ANANTAGUNA KANDHI | D38: L | P38: 1 | T38: 1 | U38: 1
A39: 16 | B39: 11775 | C39: INEZVANIA ANGKASA PRASOJO | D39: P | P39: 1 | T39: 1 | U39: 1
A40: 17 | B40: 11777 | C40: JECONIA ZIZKIND SATYA PAMUNGKAS | D40: L | P40: 1 | T40: 1 | U40: 1
A41: 18 | B41: 11786 | C41: KEYSHA NUR YASMIN | D41: P | P41: 1 | T41: 1 | U41: 1
... A44: 21 | B44: 11804 | C44: MICHELL MADA RIVANO ERYZON MANURUNG | D44: L | P44: 1 | T44: 1 | U44: 1
A45: 22 | B45: 11807 | C45: MOCH. BAGUS NURNIANTO | D45: L | P45: 1 | T45: 1
A46: 23 | B46: 11836 | C46: NAFTA PRADITYA FAHREZI | D46: L | P46: 1 | T46: 1
A47: 24 | B47: 11856 | C47: NURMA MEI LUTFIYATI | D47: P
A48: 25 | B48: 11870 | C48: RAFIF FAWWAZRAIS ADIBAWONO | D48: L
A49: 26 | B49: 11872 | C49: RAHMA WAHYUNING TYAS | D49: P
A50: 27 | B50: 11873 | C50: RAHMAT JAYADI | D50: L
A51: 28 | B51: 11875 | C51: RAKA RENANDRA ARYABIMA | D51: L
A52: 29 | B52: 11877 | C52: RAKHA' TUNGGA SUWARDANA NABAWI | D52: L
A53: 30 | B53: 11882 | C53: REVAN WIMA SAPUTRA | D53: L
A54: 31 | B54: 11885 | C54: RIMBANG ZAKY MUSYAFFA | D54: L
A55: 32 | B55: 11901 | C55: SHERLYTA SAFIRA ZULIANTA | D55: P
A56: 33 | B56: 11920 | C56: WAHYU GUSTIAJI | D56: L
C57: JUMLAH SISWA LAKI-LAKI | D57: =COUNTIF(D24:D56,"L") -> 25
C58: JUMLAH SISWA PEREMPUAN | D58: =COUNTIF(D24:D56,"P") -> 8
C59: JUMLAH KESELURUHAN | D59: =SUM(D57:D58) -> 33

Sheet XII-8
A14: DAFTAR HADIR
A15: TAHUN PELAJARAN 2025/ 2026
M17: Kelas | Q17: : XII - 8
A18: KEGIATAN : .................................................................. | M18: Wali Kelas | Q18: : LAMBANG PRASETYO, S. Pd.
A20: No Urut | B20: No Induk | C20: Nama | D20: L/P | E20: NILAI | U20: KETERANGAN
E23: 1 | F23: 2 | G23: 3 | H23: 4 | I23: 5 | J23: 6 | K23: 7 | L23: 8 | M23: 9 | N23: 10 | O23: 11 | P23: 12 | Q23: 13 | R23: 14 | S23: 15 | T23: 16
A24: 1 | B24: 11683 | C24: ALVANI AULIA PUTRI | D24: P | E24: 1 | P24: 1 | T24: 1 | U24: 1
A25: 2 | B25: 11704 | C25: AURELLIA NABILA SYAHDA | D25: P | P25: 1 | T25: 1 | U25: 1
A26: 3 | B26: 11706 | C26: AYU SINTIASARI | D26: P
A27: 4 | B27: 11708 | C27: BABY AURELTYAN ALIKA AFFANDI | D27: P
A28: 5 | B28: 11720 | C28: CLARA MUTIARA SIDIK SYAH PUTRI | D28: P
A29: 6 | B29: 11745 | C29: EVANIA APRILIA BELLA CALISTA | D29: P | P29: 1 | T29: 1 | U29: 1
A30: 7 | B30: 11754 | C30: FASHANDA ANGELITA PUTRI ILYAS | D30: P | P30: 1 | T30: 1 | U30: 1
A31: 8 | B31: 11767 | C31: HAIKAL SAMADANI | D31: L | P31: 1 | T31: 1 | U31: 1
A32: 9 | B32: 11780 | C32: JOSAFATH AZARYA PATTIHAWEAN | D32: L | P32: 1 | T32: 1 | U32: 1
A33: 10 | B33: 11784 | C33: KEISHA CHACA AULIA PUTRI YN | D33: P | P33: 1 | T33: 1 | U33: 1
A34: 11 | B34: 11791 | C34: LAILA NURUL ISTIQOMAH | D34: P | P34: 1 | T34: 1 | U34: 1
A35: 12 | B35: 11822 | C35: MUHAMMAD NUR KHOIRUL AKBAR | D35: L | P35: 1 | T35: 1 | U35: 1
A36: 13 | B36: 11832 | C36: NABIIHAH AHSANAH PUTRI | D36: P | P36: 1 | T36: 1 | U36: 1
A37: 14 | B37: 11833 | C37: NABILA FATIMATUS SHOLIHAH | D37: P
A38: 15 | B38: 11841 | C38: NATHANAEL WALERIAN LAMANG | D38: L
A39: 16 | B39: 11846 | C39: NAYLA AFRILIA | D39: P
A40: 17 | B40: 11847 | C40: NAZMY SAAMI NURWASI | D40: P
A41: 18 | B41: 11880 | C41: RENDY PRATAMA PUTRA | D41: L
A42: 19 | B42: 11883 | C42: REYNATHAN YOUWEN ANDIANSYAH | D42: L
A43: 20 | B43: 11884 | C43: RIFKI EKO SAPUTRA | D43: L | P43: 1 | T43: 1 | U43: 1
A44: 21 | B44: 11919 | C44: VIRZHA NURZAHRANY BACHTIAR | D44: P | P44: 1 | T44: 1 | U44: 1
A45: 22 | B45: 11921 | C45: WAHYU TOLIFIA RAMADHANI | D45: P | P45: 1 | T45: 1 | U45: 1
A46: 23 | B46: 11932 | C46: ZARIVA DWI FEBRILIANA | D46: P | P46: 1 | T46: 1 | U46: 1
C47: JUMLAH SISWA LAKI-LAKI | D47: =COUNTIF(D24:D46,"L") -> 7 | R47: 1 | U47: 1
C48: JUMLAH SISWA PEREMPUAN | D48: =COUNTIF(D24:D46,"P") -> 16 | R48: 1 | U48: 1
C49: JUMLAH KESELURUHAN | D49: =SUM(D47:D48) -> 23

Sheet OLAH ABSENSI 2025
A1: No Urut | B1: No Induk | C1: Nama | D1: L/P | E1: KELAS
A2: 1 | B2: 11665 | C2: ABRAR RASYIQ DAFI DANENDRA | D2: L | E2: XII - 1
A3: 2 | B3: 11668 | C3: AGNES ELOFANIA SIDEBANG | D3: P | E3: XII - 1
A4: 3 | B4: 11670 | C4: AGUSTINUS ARY DONNY LUMBAN GAOL | D4: L | E4: XII - 1
A5: 4 | B5: 11671 | C5: AHMAD DAVINZA MEILANO | D5: L | E5: XII - 1
A6: 5 | B6: 11679 | C6: AKBAR SANTOSO | D6: L | E6: XII - 1
A7: 6 | B7: 11693 | C7: ARDHAN HAFIIZ AMANULLAH EFENDI | D7: L | E7: XII - 1
A8: 7 | B8: 11696 | C8: ARGYA DANENDRA WIDYADHANA | D8: L | E8: XII - 1
A9: 8 | B9: 11701 | C9: ARYA BIMA RAMADHANI | D9: L | E9: XII - 1
A10: 9 | B10: 11710 | C10: BANYOE ARHANSYA | D10: L | E10: XII - 1
A11: 10 | B11: 11711 | C11: BERNARDINUS CALVIN PUTRA SASKARA | D11: L | E11: XII - 1
A12: 11 | B12: 11724 | C12: DAFFA AQILAH RAMADHAN PUTRA GIE | D12: L | E12: XII - 1
A13: 12 | B13: 11732 | C13: DEVINTA REGENCY ROHMALIANA | D13: P | E13: XII - 1
... A250: 24 | B250: 11932 | C250: ZARIVA DWI FEBRILIANA | D250: P | E250: XII - 8

Sheet Sheet1
A1: NO | B1: NAMA | C1: L/P | D1: KELAS
A2: 1 | B2: AARON URIEL PRADIPTA | C2: L | D2: XII - 4
A3: 2 | B3: ABIDZAR FINDRA PRADANI | C3: L | D3: XII - 6
A4: 3 | B4: ABRAR RASYIQ DAFI DANENDRA | C4: L | D4: XII - 1
A5: 4 | B5: ADAM NURON AWABIN | C5: L | D5: XII - 5
A6: 5 | B6: ADITYA FERYANGGA PAMUNGKAS | C6: L | D6: XII - 4
A7: 6 | B7: AGNES ELOFANIA SIDEBANG | C7: P | D7: XII - 1
A8: 7 | B8: AGNES LETTISYA BR TARIGAN | C8: P | D8: XII - 4
A9: 8 | B9: AGUSTINUS ARY DONNY LUMBAN GAOL | C9: L | D9: XII - 1
A10: 9 | B10: AHMAD DAVINZA MEILANO | C10: L | D10: XII - 1
A11: 10 | B11: AHMAD MAULANA YUSUF | C11: L | D11: XII - 7
A12: 11 | B12: AHMAD NABIIL ARYANTA MAHASURA | C12: L | D12: XII - 7
A13: 12 | B13: AHMAD PUJI WIRATAMA | C13: L | D13: XII - 4
... A250: 249 | B250: ZARIVA DWI FEBRILIANA | C250: P | D250: XII - 8

Sheet XI-5 SEBLUM ADA MUTASI
A14: DAFTAR HADIR
A15: TAHUN PELAJARAN 2024/ 2025
L17: Kelas | P17: : XI - 5
A18: KEGIATAN : ................................................................ | L18: Wali Kelas | P18: : Achmad Pandu Septiawan, S. Pd.
A20: No Urut | B20: No Induk | C20: Nama | D20: L/P | E20: NILAI | U20: KETERANGAN
E23: 1 | F23: 2 | G23: 3 | H23: 4 | I23: 5 | J23: 6 | K23: 7 | L23: 8 | M23: 9 | N23: 10 | O23: 11 | P23: 12 | Q23: 13 | R23: 14 | S23: 15 | T23: 16
A24: 1 | B24: 11666 | C24: ADAM NURON AWABIN | D24: L | E24: 1 | P24: 1 | T24: 1 | U24: 1
A25: 2 | B25: 11684 | C25: ANANDA BIMO HADI SAPUTRO | D25: L | P25: 1 | T25: 1 | U25: 1
A26: 3 | B26: 11702 | C26: ATTILA PATO SANTOSO | D26: L | P26: 1 | T26: 1 | U26: 1
A27: 4 | B27: 11714 | C27: BRIANSYAH TEGAR DWI PRASETYABUDI | D27: L | P27: 1 | T27: 1 | U27: 1
A28: 5 | B28: 11725 | C28: DAFFA ARGHANA WIBOWO | D28: L | P28: 1 | T28: 1 | U28: 1
A29: 6 | B29: 11731 | C29: DELLA IMANDATIKA SAPUTRI | D29: P | P29: 1 | T29: 1 | U29: 1
A30: 7 | B30: 11733 | C30: DIANA GALUH AMELIKA | D30: P | P30: 1 | T30: 1 | U30: 1
A31: 8 | B31: 11737 | C31: DINDA PUJI CAHAYA NINGRUM | D31: P | P31: 1 | T31: 1 | U31: 1
A32: 9 | B32: 11738 | C32: DIRGA AL SYA'BAN KHATULISTIWA ROESDI | D32: L | P32: 1 | T32: 1 | U32: 1
A33: 10 | B33: 11741 | C33: ELDANA RAISAPUTRA PARAMADIKA | D33: L | P33: 1 | T33: 1 | U33: 1
A34: 11 | B34: 11744 | C34: EVAN MELLVINO | D34: L | P34: 1 | T34: 1 | U34: 1
A35: 12 | B35: 11747 | C35: FADHLI MAULA RAMADHAN | D35: L | P35: 1 | T35: 1 | U35: 1
A36: 13 | B36: 11751 | C36: FAIZZUL FATAN B.K. | D36: L | P36: 1 | T36: 1 | U36: 1
... A41: 18 | B41: 11779 | C41: JORDHY FERICO ALEXANDRO | D41: L | P41: 1 | T41: 1 | U41: 1
A42: 19 | B42: 11811 | C42: MUHAMMAD BARIK MAYHILDA | D42: L | U42: 1
A43: 20 | B43: 11812 | C43: MUHAMMAD DZAKI AL AZZAM | D43: L | U43: 1
A44: 21 | B44: 11814 | C44: MUHAMMAD FAHRI | D44: L
A45: 22 | B45: 11818 | C45: MUHAMMAD LUQMAN | D45: L
A46: 23 | B46: 11826 | C46: MUHAMMAD RISYAD HIZBULLAH | D46: L
A47: 24 | B47: 11828 | C47: MUHAMMAD VIKAR PRATAMA | D47: L
A48: 25 | B48: 11835 | C48: NAFARA ARLETTA RAYA | D48: P
A49: 26 | B49: 11844 | C49: NAUFAL NURYNOER | D49: L
A50: 27 | B50: 11854 | C50: NUR FADHILAH RAHMI | D50: P
A51: 28 | B51: 11861 | C51: PRYSKA ADRIANA LARASATI | D51: P
A52: 29 | B52: 11869 | C52: RAFI NUR ANDHIKA | D52: L
A53: 30 | B53: 11888 | C53: RIZKY ALFIAN BARIQ SYAH | D53: L
A54: 31 | B54: 11892 | C54: SANDY HAFIZH WICAKSANA | D54: L
A55: 32 | B55: 11897 | C55: SAYYID MUHAMMAD FADHEL ABBAS A. | D55: L
... A57: 34 | B57: 11915 | C57: TRIYANI FRISKA ANJAR AMBARWATI | D57: P
A58: 35 | B58: 11922 | C58: WAHYU YUHA ISLAMI | D58: P | P58: 1 | T58: 1
C59: JUMLAH SISWA LAKI-LAKI | D59: =COUNTIF(D24:D58,"L") -> 25
C60: JUMLAH SISWA PEREMPUAN | D60: =COUNTIF(D24:D58,"P") -> 10
C61: JUMLAH KESELURUHAN | D61: =SUM(D59:D60) -> 35
C62: JML

Sheet XI-2 SEBLUM ADA MUTASI
A14: DAFTAR HADIR
A15: TAHUN PELAJARAN 2024/ 2025
M17: Kelas | Q17: : XI - 2
A18: KEGIATAN : .................................................................. | M18: Wali Kelas | Q18: : Niken Pusparini, S. Pd.
A20: No Urut | B20: No Induk | C20: Nama | D20: L/P | E20: NILAI | U20: KETERANGAN
E23: 1 | F23: 2 | G23: 3 | H23: 4 | I23: 5 | J23: 6 | K23: 7 | L23: 8 | M23: 9 | N23: 10 | O23: 11 | P23: 12 | Q23: 13 | R23: 14 | S23: 15 | T23: 16
A24: 1 | B24: 11677 | C24: AHMAD TIRTA ADITAMA | D24: L | E24: 1 | P24: 1 | T24: 1 | U24: 1
A25: 2 | B25: 11678 | C25: AHMAD ZAIDAN DZAKWAN NUR AQLI | D25: L | P25: 1 | T25: 1 | U25: 1
A26: 3 | B26: 11685 | C26: ANANDA YUNIOR | D26: L | P26: 1 | T26: 1 | U26: 1
A27: 4 | B27: 11688 | C27: ANINDYA KEYLA PUTRI ZAINDINA | D27: P | P27: 1 | T27: 1 | U27: 1
A28: 5 | B28: 11691 | C28: ANNISA RAMADHANI | D28: P | P28: 1 | T28: 1 | U28: 1
A29: 6 | B29: 11698 | C29: ARINI HIMMATUL ALIYAH | D29: P | P29: 1 | T29: 1 | U29: 1
A30: 7 | B30: 11716 | C30: CATHERINE ROSA VIRGINIA WIBOWO | D30: P
A31: 8 | B31: 11736 | C31: DINDA MEIZA AYU SYAHPUTRI | D31: P
A32: 9 | B32: 11739 | C32: DONNA OLIVIA NINGSIH | D32: P
A33: 10 | B33: 11742 | C33: EMA WIJAYANTI | D33: P
A34: 11 | B34: 11760 | C34: FITRIA DWI ROMADHONA | D34: P
A35: 12 | B35: 11768 | C35: HANIFAH ZAKIA INDRIANI | D35: p
A36: 13 | B36: 11772 | C36: IKHSAN BAGUS SAMUDRA | D36: L
A37: 14 | B37: 11778 | C37: JIBRIL RAHMATULLOH WIDODO PUTRA | D37: L
A38: 15 | B38: 11781 | C38: JOSEAN THEODOMIRO SETIAWAN | D38: L
A39: 16 | B39: 11787 | C39: KHALISA KAMILA HIMAWAN | D39: P
A40: 17 | B40: 11796 | C40: LUKMAN HAKIM | D40: L | P40: 1 | T40: 1 | U40: 1
A41: 18 | B41: 11798 | C41: MARCEL | D41: L | P41: 1 | T41: 1 | U41: 1
A42: 19 | B42: 11806 | C42: MINGGAR MAHENDRA SUPRIADI | D42: L | P42: 1 | T42: 1 | U42: 1
A43: 20 | B43: 11825 | C43: MUHAMMAD RIFFAT HAMIZ T. | D43: L | P43: 1 | T43: 1 | U43: 1
A44: 21 | B44: 11838 | C44: NANDA DANIYAL ANWAR | D44: L | P44: 1 | T44: 1 | U44: 1
A45: 22 | B45: 11853 | C45: NOVA AL ZAHRA | D45: P | P45: 1 | T45: 1 | U45: 1
A46: 23 | B46: 11855 | C46: NURAZHARI RIZQIAH ANTHON | D46: P | P46: 1 | T46: 1 | U46: 1
A47: 24 | B47: 11862 | C47: PUSPA PALASARAH BR ARITONANG | D47: P | P47: 1 | T47: 1 | U47: 1
A48: 25 | B48: 11863 | C48: QUEEN TAHTA AMARA FUQIHA | D48: P | P48: 1 | T48: 1 | U48: 1
A49: 26 | B49: 11867 | C49: RAFFA ALFAREZA SETIYONO | D49: L
A50: 27 | B50: 11898 | C50: SEKAR MONADHITA ANIS LESTARI | D50: P | P50: 1 | T50: 1 | U50: 1
A51: 28 | B51: 11907 | C51: TALITHA ULIMA ZUHURA KALSTUM | D51: P | U51: 1
A52: 29 | B52: 11918 | C52: VENEZIA JOSEFINE | D52: P
A53: 30 | B53: 11931 | C53: ZAKI JULIAN PUTRA | D53: L
C54: JUMLAH SISWA LAKI-LAKI | D54: =COUNTIF(D24:D53,"L") -> 13
C55: JUMLAH SISWA PEREMPUAN | D55: =COUNTIF(D24:D53,"P") -> 17
C56: JUMLAH KESELURUHAN | D56: =SUM(D54:D55) -> 30
C57: JML
